COUNTRY,AGG_COUNT,Mean,Head_Count,Poverty_Gap,Gini
Cameroon,360,130074.447781775641488,0.447200063,0.162983175,0.212146378
